-- MySQL dump 10.13  Distrib 8.0.18, for Win64 (x86_64)
--
-- Host: 127.0.0.1    Database: food_app
-- ------------------------------------------------------
-- Server version	8.0.32

/*!40101 SET @OLD_CHARACTER_SET_CLIENT=@@CHARACTER_SET_CLIENT */;
/*!40101 SET @OLD_CHARACTER_SET_RESULTS=@@CHARACTER_SET_RESULTS */;
/*!40101 SET @OLD_COLLATION_CONNECTION=@@COLLATION_CONNECTION */;
/*!50503 SET NAMES utf8mb4 */;
/*!40103 SET @OLD_TIME_ZONE=@@TIME_ZONE */;
/*!40103 SET TIME_ZONE='+00:00' */;
/*!40014 SET @OLD_UNIQUE_CHECKS=@@UNIQUE_CHECKS, UNIQUE_CHECKS=0 */;
/*!40014 SET @OLD_FOREIGN_KEY_CHECKS=@@FOREIGN_KEY_CHECKS, FOREIGN_KEY_CHECKS=0 */;
/*!40101 SET @OLD_SQL_MODE=@@SQL_MODE, SQL_MODE='NO_AUTO_VALUE_ON_ZERO' */;
/*!40111 SET @OLD_SQL_NOTES=@@SQL_NOTES, SQL_NOTES=0 */;

--
-- Table structure for table `food`
--

DROP TABLE IF EXISTS `food`;
/*!40101 SET @saved_cs_client     = @@character_set_client */;
/*!50503 SET character_set_client = utf8mb4 */;
CREATE TABLE `food` (
  `food_id` int NOT NULL AUTO_INCREMENT,
  `food_name` varchar(50) DEFAULT NULL,
  `image` varchar(50) DEFAULT NULL,
  `price` float DEFAULT NULL,
  `description` varchar(50) DEFAULT NULL,
  `type_id` int DEFAULT NULL,
  PRIMARY KEY (`food_id`),
  KEY `type_id` (`type_id`),
  CONSTRAINT `food_ibfk_1` FOREIGN KEY (`type_id`) REFERENCES `food_type` (`type_id`)
) ENGINE=InnoDB AUTO_INCREMENT=11 DEFAULT CHARSET=utf8mb4 COLLATE=utf8mb4_0900_ai_ci;
/*!40101 SET character_set_client = @saved_cs_client */;

--
-- Dumping data for table `food`
--

LOCK TABLES `food` WRITE;
/*!40000 ALTER TABLE `food` DISABLE KEYS */;
INSERT INTO `food` VALUES (1,'food_1','image_food_1',1000,'des_food_1',1),(2,'food_2','image_food_2',1000,'des_food_2',2),(3,'food_3','image_food_3',1000,'des_food_3',3),(4,'food_4','image_food_4',1000,'des_food_4',4),(5,'food_5','image_food_5',1000,'des_food_5',1),(6,'food_6','image_food_6',1000,'des_food_6',1),(7,'food_7','image_food_7',1000,'des_food_7',2),(8,'food_8','image_food_8',1000,'des_food_8',2),(9,'food_9','image_food_9',1000,'des_food_9',2),(10,'food_10','image_food_10',1000,'des_food_10',3);
/*!40000 ALTER TABLE `food` ENABLE KEYS */;
UNLOCK TABLES;

--
-- Table structure for table `food_type`
--

DROP TABLE IF EXISTS `food_type`;
/*!40101 SET @saved_cs_client     = @@character_set_client */;
/*!50503 SET character_set_client = utf8mb4 */;
CREATE TABLE `food_type` (
  `type_id` int NOT NULL AUTO_INCREMENT,
  `type_name` varchar(50) DEFAULT NULL,
  PRIMARY KEY (`type_id`)
) ENGINE=InnoDB AUTO_INCREMENT=5 DEFAULT CHARSET=utf8mb4 COLLATE=utf8mb4_0900_ai_ci;
/*!40101 SET character_set_client = @saved_cs_client */;

--
-- Dumping data for table `food_type`
--

LOCK TABLES `food_type` WRITE;
/*!40000 ALTER TABLE `food_type` DISABLE KEYS */;
INSERT INTO `food_type` VALUES (1,'Type1'),(2,'Type2'),(3,'Type3'),(4,'Type4');
/*!40000 ALTER TABLE `food_type` ENABLE KEYS */;
UNLOCK TABLES;

--
-- Table structure for table `like_res`
--

DROP TABLE IF EXISTS `like_res`;
/*!40101 SET @saved_cs_client     = @@character_set_client */;
/*!50503 SET character_set_client = utf8mb4 */;
CREATE TABLE `like_res` (
  `id` int NOT NULL AUTO_INCREMENT,
  `user_id` int DEFAULT NULL,
  `res_id` int DEFAULT NULL,
  `date_like` datetime DEFAULT NULL,
  PRIMARY KEY (`id`),
  KEY `user_id` (`user_id`),
  KEY `res_id` (`res_id`),
  CONSTRAINT `like_res_ibfk_1` FOREIGN KEY (`user_id`) REFERENCES `user` (`user_id`),
  CONSTRAINT `like_res_ibfk_2` FOREIGN KEY (`res_id`) REFERENCES `restaurant` (`res_id`)
) ENGINE=InnoDB AUTO_INCREMENT=40 DEFAULT CHARSET=utf8mb4 COLLATE=utf8mb4_0900_ai_ci;
/*!40101 SET character_set_client = @saved_cs_client */;

--
-- Dumping data for table `like_res`
--

LOCK TABLES `like_res` WRITE;
/*!40000 ALTER TABLE `like_res` DISABLE KEYS */;
INSERT INTO `like_res` VALUES (1,1,1,NULL),(2,1,1,NULL),(3,1,1,NULL),(4,1,1,NULL),(5,1,1,NULL),(6,1,1,NULL),(7,2,1,NULL),(8,2,1,NULL),(9,2,1,NULL),(10,2,1,NULL),(11,3,1,NULL),(12,3,1,NULL),(13,4,1,NULL),(14,4,1,NULL),(15,4,1,NULL),(16,4,1,NULL),(17,4,1,NULL),(18,5,1,NULL),(19,5,1,NULL),(20,5,1,NULL),(21,1,2,NULL),(22,2,2,NULL),(23,3,2,NULL),(24,4,2,NULL),(25,5,2,NULL),(26,5,2,NULL),(27,5,2,NULL),(28,5,2,NULL),(29,5,2,NULL),(30,5,2,NULL),(31,5,2,NULL),(32,5,2,NULL),(33,7,3,NULL),(34,7,3,NULL),(35,7,3,NULL),(36,7,3,NULL),(37,7,3,NULL),(38,7,3,NULL),(39,7,1,NULL);
/*!40000 ALTER TABLE `like_res` ENABLE KEYS */;
UNLOCK TABLES;

--
-- Table structure for table `orders`
--

DROP TABLE IF EXISTS `orders`;
/*!40101 SET @saved_cs_client     = @@character_set_client */;
/*!50503 SET character_set_client = utf8mb4 */;
CREATE TABLE `orders` (
  `id` int NOT NULL AUTO_INCREMENT,
  `user_id` int DEFAULT NULL,
  `food_id` int DEFAULT NULL,
  `amount` int DEFAULT NULL,
  `code` varchar(12) DEFAULT NULL,
  `arr_sub_id` varchar(255) DEFAULT NULL,
  PRIMARY KEY (`id`),
  KEY `user_id` (`user_id`),
  KEY `food_id` (`food_id`),
  CONSTRAINT `orders_ibfk_1` FOREIGN KEY (`user_id`) REFERENCES `user` (`user_id`),
  CONSTRAINT `orders_ibfk_2` FOREIGN KEY (`food_id`) REFERENCES `food` (`food_id`)
) ENGINE=InnoDB AUTO_INCREMENT=11 DEFAULT CHARSET=utf8mb4 COLLATE=utf8mb4_0900_ai_ci;
/*!40101 SET character_set_client = @saved_cs_client */;

--
-- Dumping data for table `orders`
--

LOCK TABLES `orders` WRITE;
/*!40000 ALTER TABLE `orders` DISABLE KEYS */;
INSERT INTO `orders` VALUES (1,1,2,NULL,NULL,NULL),(2,1,3,NULL,NULL,NULL),(3,1,4,NULL,NULL,NULL),(4,1,5,NULL,NULL,NULL),(5,2,6,NULL,NULL,NULL),(6,3,7,NULL,NULL,NULL),(7,4,8,NULL,NULL,NULL),(8,5,9,NULL,NULL,NULL),(9,6,10,NULL,NULL,NULL),(10,7,2,NULL,NULL,NULL);
/*!40000 ALTER TABLE `orders` ENABLE KEYS */;
UNLOCK TABLES;

--
-- Table structure for table `rate_res`
--

DROP TABLE IF EXISTS `rate_res`;
/*!40101 SET @saved_cs_client     = @@character_set_client */;
/*!50503 SET character_set_client = utf8mb4 */;
CREATE TABLE `rate_res` (
  `id` int NOT NULL AUTO_INCREMENT,
  `user_id` int DEFAULT NULL,
  `res_id` int DEFAULT NULL,
  `amount` int DEFAULT NULL,
  `date_rate` datetime(6) DEFAULT NULL,
  PRIMARY KEY (`id`),
  KEY `user_id` (`user_id`),
  KEY `res_id` (`res_id`),
  CONSTRAINT `rate_res_ibfk_1` FOREIGN KEY (`user_id`) REFERENCES `user` (`user_id`),
  CONSTRAINT `rate_res_ibfk_2` FOREIGN KEY (`res_id`) REFERENCES `restaurant` (`res_id`)
) ENGINE=InnoDB AUTO_INCREMENT=11 DEFAULT CHARSET=utf8mb4 COLLATE=utf8mb4_0900_ai_ci;
/*!40101 SET character_set_client = @saved_cs_client */;

--
-- Dumping data for table `rate_res`
--

LOCK TABLES `rate_res` WRITE;
/*!40000 ALTER TABLE `rate_res` DISABLE KEYS */;
INSERT INTO `rate_res` VALUES (1,1,1,5,NULL),(2,2,1,5,NULL),(3,3,1,5,NULL),(4,4,1,5,NULL),(5,5,1,5,NULL),(6,1,2,5,NULL),(7,2,2,5,NULL),(8,3,2,5,NULL),(9,4,2,5,NULL),(10,5,2,5,NULL);
/*!40000 ALTER TABLE `rate_res` ENABLE KEYS */;
UNLOCK TABLES;

--
-- Table structure for table `restaurant`
--

DROP TABLE IF EXISTS `restaurant`;
/*!40101 SET @saved_cs_client     = @@character_set_client */;
/*!50503 SET character_set_client = utf8mb4 */;
CREATE TABLE `restaurant` (
  `res_id` int NOT NULL AUTO_INCREMENT,
  `res_name` varchar(50) DEFAULT NULL,
  `image` varchar(50) DEFAULT NULL,
  `descript` varchar(50) DEFAULT NULL,
  PRIMARY KEY (`res_id`)
) ENGINE=InnoDB AUTO_INCREMENT=6 DEFAULT CHARSET=utf8mb4 COLLATE=utf8mb4_0900_ai_ci;
/*!40101 SET character_set_client = @saved_cs_client */;

--
-- Dumping data for table `restaurant`
--

LOCK TABLES `restaurant` WRITE;
/*!40000 ALTER TABLE `restaurant` DISABLE KEYS */;
INSERT INTO `restaurant` VALUES (1,'Res1','image_res_1','descript_res_1'),(2,'Res2','image_res_2','descript_res_2'),(3,'Res3','image_res_3','descript_res_3'),(4,'Res4','image_res_4','descript_res_4'),(5,'Res5','image_res_5','descript_res_5');
/*!40000 ALTER TABLE `restaurant` ENABLE KEYS */;
UNLOCK TABLES;

--
-- Table structure for table `sub_food`
--

DROP TABLE IF EXISTS `sub_food`;
/*!40101 SET @saved_cs_client     = @@character_set_client */;
/*!50503 SET character_set_client = utf8mb4 */;
CREATE TABLE `sub_food` (
  `sub_id` int NOT NULL AUTO_INCREMENT,
  `sub_name` varchar(50) DEFAULT NULL,
  `sub_price` float DEFAULT NULL,
  `food_id` int DEFAULT NULL,
  PRIMARY KEY (`sub_id`),
  KEY `food_id` (`food_id`),
  CONSTRAINT `sub_food_ibfk_1` FOREIGN KEY (`food_id`) REFERENCES `food` (`food_id`)
) ENGINE=InnoDB AUTO_INCREMENT=11 DEFAULT CHARSET=utf8mb4 COLLATE=utf8mb4_0900_ai_ci;
/*!40101 SET character_set_client = @saved_cs_client */;

--
-- Dumping data for table `sub_food`
--

LOCK TABLES `sub_food` WRITE;
/*!40000 ALTER TABLE `sub_food` DISABLE KEYS */;
INSERT INTO `sub_food` VALUES (1,'sub_food_1',1000,1),(2,'sub_food_2',1000,2),(3,'sub_food_3',1000,3),(4,'sub_food_4',1000,4),(5,'sub_food_5',1000,5),(6,'sub_food_6',1000,6),(7,'sub_food_7',1000,7),(8,'sub_food_8',1000,8),(9,'sub_food_9',1000,9),(10,'sub_food_10',1000,10);
/*!40000 ALTER TABLE `sub_food` ENABLE KEYS */;
UNLOCK TABLES;

--
-- Table structure for table `user`
--

DROP TABLE IF EXISTS `user`;
/*!40101 SET @saved_cs_client     = @@character_set_client */;
/*!50503 SET character_set_client = utf8mb4 */;
CREATE TABLE `user` (
  `user_id` int NOT NULL AUTO_INCREMENT,
  `full_name` varchar(50) DEFAULT NULL,
  `email` varchar(50) DEFAULT NULL,
  `password` varchar(50) DEFAULT NULL,
  PRIMARY KEY (`user_id`)
) ENGINE=InnoDB AUTO_INCREMENT=11 DEFAULT CHARSET=utf8mb4 COLLATE=utf8mb4_0900_ai_ci;
/*!40101 SET character_set_client = @saved_cs_client */;

--
-- Dumping data for table `user`
--

LOCK TABLES `user` WRITE;
/*!40000 ALTER TABLE `user` DISABLE KEYS */;
INSERT INTO `user` VALUES (1,'UserA','usera@gmail.com','1111'),(2,'UserB','userb@gmail.com','2222'),(3,'UserC','userc@gmail.com','3333'),(4,'UserD','userd@gmail.com','4444'),(5,'UserE','usere@gmail.com','5555'),(6,'UserF','userf@gmail.com','6666'),(7,'UserG','userg@gmail.com','7777'),(8,'UserH','userh@gmail.com','8888'),(9,'UserK','userk@gmail.com','9999'),(10,'UserL','userl@gmail.com','1010');
/*!40000 ALTER TABLE `user` ENABLE KEYS */;
UNLOCK TABLES;

--
-- Dumping routines for database 'food_app'
--
/*!40103 SET TIME_ZONE=@OLD_TIME_ZONE */;

/*!40101 SET SQL_MODE=@OLD_SQL_MODE */;
/*!40014 SET FOREIGN_KEY_CHECKS=@OLD_FOREIGN_KEY_CHECKS */;
/*!40014 SET UNIQUE_CHECKS=@OLD_UNIQUE_CHECKS */;
/*!40101 SET CHARACTER_SET_CLIENT=@OLD_CHARACTER_SET_CLIENT */;
/*!40101 SET CHARACTER_SET_RESULTS=@OLD_CHARACTER_SET_RESULTS */;
/*!40101 SET COLLATION_CONNECTION=@OLD_COLLATION_CONNECTION */;
/*!40111 SET SQL_NOTES=@OLD_SQL_NOTES */;

-- Dump completed on 2024-02-13 11:29:01
